-- Data synced from https://anyun.online/ on 2026-06-21.
-- Matches anyun.online mini navigation cards: icon plus one-line title.
SET NAMES utf8mb4;
SET FOREIGN_KEY_CHECKS = 0;
START TRANSACTION;

ALTER TABLE `site` MODIFY `thumb` TEXT NULL;

DELETE FROM `site`;
DELETE FROM `category`;
DELETE FROM `sys_notice`;
ALTER TABLE `site` AUTO_INCREMENT = 1;
ALTER TABLE `category` AUTO_INCREMENT = 1;
ALTER TABLE `sys_notice` AUTO_INCREMENT = 1;

INSERT INTO `category` (`id`, `parent_id`, `sort`, `title`, `icon`, `levels`, `create_time`, `update_time`) VALUES
(1, 0, 1, '官方服务', 'fa-compass', 1, NOW(), NOW()),
(2, 0, 2, 'TikTok', 'fa-music', 1, NOW(), NOW()),
(3, 0, 3, '本土后台', 'fa-flag', 1, NOW(), NOW()),
(4, 0, 4, '常用工具', 'fa-wrench', 1, NOW(), NOW()),
(5, 0, 5, '软件下载', 'fa-download', 1, NOW(), NOW()),
(6, 0, 6, '选品参考', 'fa-line-chart', 1, NOW(), NOW()),
(7, 0, 7, 'IP节点', 'fa-globe', 1, NOW(), NOW()),
(8, 0, 8, 'AI创作', 'fa-magic', 1, NOW(), NOW()),
(9, 0, 9, '图片修改', 'fa-picture-o', 1, NOW(), NOW()),
(10, 0, 10, '综合软件', 'fa-th-large', 1, NOW(), NOW()),
(11, 0, 11, '视频剪辑', 'fa-video-camera', 1, NOW(), NOW()),
(12, 0, 12, '货源网站', 'fa-shopping-basket', 1, NOW(), NOW()),
(13, 0, 13, '跨境物流', 'fa-truck', 1, NOW(), NOW()),
(14, 0, 14, '短信接码', 'fa-comments-o', 1, NOW(), NOW()),
(15, 0, 15, '收款方式', 'fa-credit-card', 1, NOW(), NOW()),
(16, 0, 16, 'ERP分销', 'fa-database', 1, NOW(), NOW()),
(17, 0, 17, '全球邮箱', 'fa-envelope-o', 1, NOW(), NOW()),
(18, 0, 18, '商标专利', 'fa-certificate', 1, NOW(), NOW()),
(19, 0, 19, '社交媒体', 'fa-share-alt', 1, NOW(), NOW()),
(20, 0, 20, 'Amazon', 'fa-amazon', 1, NOW(), NOW()),
(21, 0, 21, 'Shopee', 'fa-shopping-bag', 1, NOW(), NOW()),
(22, 0, 22, 'Lazada', 'fa-shopping-cart', 1, NOW(), NOW()),
(23, 0, 23, '站长独享', 'fa-star-o', 1, NOW(), NOW());

INSERT INTO `site` (`id`, `category_id`, `title`, `thumb`, `description`, `url`, `create_time`, `update_time`) VALUES
(1, 1, '项目导航', '/static/img/sites/site-0001.png', '官方服务 / 项目导航', 'https://anyun.online', NOW(), NOW()),
(2, 1, '今日热榜', 'data:image/svg+xml;base64,PHN2ZyB4bWxucz0iaHR0cDovL3d3dy53My5vcmcvMjAwMC9zdmciIHZlcnNpb249IjEuMSIgd2lkdGg9IjEwMCIgaGVpZ2h0PSIxMDAiPg0KICAgICAgICAgICAgICAgIDxyZWN0IGZpbGw9InJnYigxNzQsMjI5LDEzNykiIHg9IjAiIHk9IjAiIHdpZHRoPSIxMDAiIGhlaWdodD0iMTAwIj48L3JlY3Q+DQogICAgICAgICAgICAgICAgPGNpcmNsZSBmaWxsPSJyZ2IoMjI5LDIxMiwxMTQpIiBjeD0iMjMiIGN5PSIxMS41IiByPSI2MCIgIG9wYWNpdHk9Ii40Ij48L2NpcmNsZT4NCiAgICAgICAgICAgICAgICA8Y2lyY2xlIGZpbGw9InJnYigxMTQsMjI5LDE1NCkiIGN4PSI3NiIgY3k9IjE1MiIgcj0iNTAiICBvcGFjaXR5PSIuNiI+PC9jaXJjbGU+DQogICAgICAgICAgICAgICAgPHRleHQgeD0iNTAiIHk9IjUwIiBmb250LXNpemU9IjUwIiB0ZXh0LWNvcHk9ImZhc3QiIGZpbGw9IiNmZmZmZmYiIHRleHQtYW5jaG9yPSJtaWRkbGUiIHRleHQtcmlnaHRzPSJhZG1pbiIgYWxpZ25tZW50LWJhc2VsaW5lPSJjZW50cmFsIiBmb250LWZhbWlseT0iJ1BpbmdGYW5nIFNDJywnTWljcm9zb2Z0IFlhaGVpJyI+5LuKPC90ZXh0Pjwvc3ZnPg==', '官方服务 / 今日热榜', 'https://anyun.online/hotnews', NOW(), NOW()),
(3, 1, '硬件商城', '/static/img/sites/site-0003.png', '官方服务 / 硬件商城', 'https://shop.anyun.info', NOW(), NOW()),
(4, 1, '账号商城', '/static/img/sites/site-0004.png', '官方服务 / 账号商城', 'https://account.anyun.info', NOW(), NOW()),
(5, 1, '教程与文档', '/static/img/sites/site-0005.png', '官方服务 / 教程与文档', 'https://blog.anyun.info', NOW(), NOW()),
(6, 1, '出海资讯', '/static/img/sites/site-0006.png', '官方服务 / 出海资讯', 'https://anyun.online/news', NOW(), NOW()),
(7, 2, 'TikTok官网', '/static/img/sites/site-0007.png', 'TikTok / TikTok官网', 'https://www.tiktok.com', NOW(), NOW()),
(8, 2, '跨境店后台', '/static/img/sites/site-0008.png', 'TikTok / 跨境店后台', 'https://seller.tiktokglobalshop.com/account/login', NOW(), NOW()),
(9, 2, '全托管官网', '/static/img/sites/site-0009.png', 'TikTok / 全托管官网', 'https://www.tiktokshopglobalselling.com/zh-cn', NOW(), NOW()),
(10, 2, '全托管卖家中心', '/static/img/sites/site-0010.png', 'TikTok / 全托管卖家中心', 'https://mmo.fanczs.com', NOW(), NOW()),
(11, 2, '卖家大学', '/static/img/sites/site-0011.png', 'TikTok / 卖家大学', 'https://seller.tiktokglobalshop.com/university/home', NOW(), NOW()),
(12, 2, '达人广场', '/static/img/sites/site-0012.png', 'TikTok / 达人广场', 'https://creatormarketplace.tiktok.com', NOW(), NOW()),
(13, 2, '广告官网', '/static/img/sites/site-0013.png', 'TikTok / 广告官网', 'https://www.tiktokforbusinessoutbound.com', NOW(), NOW()),
(14, 2, '商务中心', '/static/img/sites/site-0014.png', 'TikTok / 商务中心', 'https://business.tiktok.com/zh', NOW(), NOW()),
(15, 2, '直播工作台', '/static/img/sites/site-0015.png', 'TikTok / 直播工作台', 'https://shop.tiktok.com/streamer/welcome', NOW(), NOW()),
(16, 2, '工会登录', '/static/img/sites/site-0016.png', 'TikTok / 工会登录', 'https://live-backstage.tiktok.com', NOW(), NOW()),
(17, 2, '合作伙伴中心', '/static/img/sites/site-0017.png', 'TikTok / 合作伙伴中心', 'https://partner.tiktokshop.com', NOW(), NOW()),
(18, 2, 'TikTok入驻', '/static/img/sites/site-0018.png', 'TikTok / TikTok入驻', 'https://seller.tiktokglobalshop.com/account/register', NOW(), NOW()),
(19, 2, 'ACCU入驻', '/static/img/sites/site-0019.png', 'TikTok / ACCU入驻', 'https://seller-us-accounts.tiktok.com/account/accu/register', NOW(), NOW()),
(20, 2, '全托管入驻', '/static/img/sites/site-0020.png', 'TikTok / 全托管入驻', 'https://mmo.fanczs.com/account/register', NOW(), NOW()),
(21, 3, '美国', '/static/img/sites/site-0021.png', '本土后台 / 美国', 'https://seller-us-accounts.tiktok.com/account/login', NOW(), NOW()),
(22, 3, '墨西哥', '/static/img/sites/site-0022.png', '本土后台 / 墨西哥', 'https://seller-mx.tiktok.com/account/login', NOW(), NOW()),
(23, 3, '英国', '/static/img/sites/site-0023.png', '本土后台 / 英国', 'https://seller-uk-accounts.tiktok.com/account/login', NOW(), NOW()),
(24, 3, '德国', '/static/img/sites/site-0024.png', '本土后台 / 德国', 'https://seller-de-accounts.tiktok.com/account/login', NOW(), NOW()),
(25, 3, '法国', '/static/img/sites/site-0025.png', '本土后台 / 法国', 'https://seller-fr-accounts.tiktok.com/account/login', NOW(), NOW()),
(26, 3, '意大利', '/static/img/sites/site-0026.png', '本土后台 / 意大利', 'https://seller-it-accounts.tiktok.com/account/login', NOW(), NOW()),
(27, 3, '西班牙', '/static/img/sites/site-0027.png', '本土后台 / 西班牙', 'https://seller-es-accounts.tiktok.com/account/login', NOW(), NOW()),
(28, 3, '爱尔兰', '/static/img/sites/site-0028.png', '本土后台 / 爱尔兰', 'https://seller-ie-accounts.tiktok.com/account/login', NOW(), NOW()),
(29, 3, '马来西亚', '/static/img/sites/site-0029.png', '本土后台 / 马来西亚', 'https://seller-my.tiktok.com/account/login', NOW(), NOW()),
(30, 3, '菲律宾', '/static/img/sites/site-0030.png', '本土后台 / 菲律宾', 'https://seller-ph.tiktok.com/account/login', NOW(), NOW()),
(31, 3, '泰国', '/static/img/sites/site-0031.png', '本土后台 / 泰国', 'https://seller-th.tiktok.com/account/login', NOW(), NOW()),
(32, 3, '印度尼西亚', '/static/img/sites/site-0032.png', '本土后台 / 印度尼西亚', 'https://seller-id.tokopedia.com/account/login', NOW(), NOW()),
(33, 3, '越南', '/static/img/sites/site-0033.png', '本土后台 / 越南', 'https://seller-vn.tiktok.com/account/login', NOW(), NOW()),
(34, 3, '新加坡', '/static/img/sites/site-0034.png', '本土后台 / 新加坡', 'https://seller-sg.tiktok.com/account/login', NOW(), NOW()),
(35, 4, '热门商品', '/static/img/sites/site-0035.png', '常用工具 / 热门商品', 'https://ads.tiktok.com/business/creativecenter/top-products/pc/zh', NOW(), NOW()),
(36, 4, '热门关键词', '/static/img/sites/site-0036.png', '常用工具 / 热门关键词', 'https://ads.tiktok.com/business/creativecenter/keyword-insights/pc/zh', NOW(), NOW()),
(37, 4, '临时邮箱', '/static/img/sites/site-0037.png', '常用工具 / 临时邮箱', 'https://tempmail.cn', NOW(), NOW()),
(38, 4, '虚拟身份', '/static/img/sites/site-0038.png', '常用工具 / 虚拟身份', 'https://www.haoweichi.com', NOW(), NOW()),
(39, 4, '全球时间', '/static/img/sites/site-0039.png', '常用工具 / 全球时间', 'https://cn.piliapp.com/time-now', NOW(), NOW()),
(40, 4, '促销日历', '/static/img/sites/site-0040.png', '常用工具 / 促销日历', 'https://www.dhl.com/discover/zh-cn/e-commerce-advice/e-commerce-trends/e-commerce-marketing-calendar-2025', NOW(), NOW()),
(41, 4, '实时汇率', '/static/img/sites/site-0041.png', '常用工具 / 实时汇率', 'https://www.waihui321.com', NOW(), NOW()),
(42, 4, '单位换算', '/static/img/sites/site-0042.png', '常用工具 / 单位换算', 'https://www.jyshare.com/danwei', NOW(), NOW()),
(43, 4, '鞋码对照', '/static/img/sites/site-0043.png', '常用工具 / 鞋码对照', 'https://www.footjoy.com.cn/page/customerservice/convertchart', NOW(), NOW()),
(44, 4, '空港代码', '/static/img/sites/site-0044.png', '常用工具 / 空港代码', 'http://www.daysunlogistics.com.cn/toolbox/shijiekonggangdaima.html', NOW(), NOW()),
(45, 4, 'UPC生成', '/static/img/sites/site-0045.png', '常用工具 / UPC生成', 'https://cn.online-barcode.com/online-upca-generator', NOW(), NOW()),
(46, 4, '标签生成', '/static/img/sites/site-0046.png', '常用工具 / 标签生成', 'https://tiktokhashtags.com', NOW(), NOW()),
(47, 4, '评论检测', '/static/img/sites/site-0047.png', '常用工具 / 评论检测', 'https://www.fakespot.com', NOW(), NOW()),
(48, 4, 'ROI计算器', '/static/img/sites/site-0048.png', '常用工具 / ROI计算器', 'https://www.roii.cc', NOW(), NOW()),
(49, 4, '海关HS编码', '/static/img/sites/site-0049.png', '常用工具 / 海关HS编码', 'http://www.likecha.com/api/tools/hscode.html?utm_source=amz800.com', NOW(), NOW()),
(50, 4, 'PayPal手续费', '/static/img/sites/site-0050.png', '常用工具 / PayPal手续费', 'https://www.amz800.com/paypal', NOW(), NOW()),
(51, 5, 'Adobe全家桶下载', '/static/img/sites/site-0051.ico', '软件下载 / Adobe全家桶下载', 'https://www.yuque.com/gaosuxiazai/oacb9y', NOW(), NOW()),
(52, 5, 'ToDesk', '/static/img/sites/site-0052.png', '软件下载 / ToDesk', 'https://www.todesk.com/download.html', NOW(), NOW()),
(53, 5, '向日葵', '/static/img/sites/site-0053.png', '软件下载 / 向日葵', 'https://sunlogin.oray.com/download', NOW(), NOW()),
(54, 5, 'V2ray', '/static/img/sites/site-0054.png', '软件下载 / V2ray', 'https://sourceforge.net/projects/v2rayn.mirror/files/7.10.5/v2rayN-windows-64.zip/download', NOW(), NOW()),
(55, 5, 'Clash', '/static/img/sites/site-0055.png', '软件下载 / Clash', 'https://github.com/zzzgydi/clash-verge/releases/download/v1.3.8/Clash.Verge_1.3.8_x64_zh-CN.msi', NOW(), NOW()),
(56, 5, '7z', '/static/img/sites/site-0056.png', '软件下载 / 7z', 'https://www.7-zip.org/a/7z2409-x64.exe', NOW(), NOW()),
(57, 5, 'BandiZip', '/static/img/sites/site-0057.png', '软件下载 / BandiZip', 'https://www.bandisoft.com/bandizip', NOW(), NOW()),
(58, 5, '剪映', '/static/img/sites/site-0058.png', '软件下载 / 剪映', 'https://www.capcut.cn', NOW(), NOW()),
(59, 5, 'Chrome', '/static/img/sites/site-0059.png', '软件下载 / Chrome', 'https://www.google.com/chrome', NOW(), NOW()),
(60, 5, 'WPS', '/static/img/sites/site-0060.png', '软件下载 / WPS', 'https://platform.wps.cn', NOW(), NOW()),
(61, 5, 'QQ', '/static/img/sites/site-0061.png', '软件下载 / QQ', 'https://im.qq.com/index', NOW(), NOW()),
(62, 5, '微信', '/static/img/sites/site-0062.png', '软件下载 / 微信', 'https://weixin.qq.com', NOW(), NOW()),
(63, 5, '飞书', '/static/img/sites/site-0063.png', '软件下载 / 飞书', 'https://www.feishu.cn/download', NOW(), NOW()),
(64, 5, '百度网盘', '/static/img/sites/site-0064.png', '软件下载 / 百度网盘', 'https://pan.baidu.com', NOW(), NOW()),
(65, 5, 'Geek卸载', '/static/img/sites/site-0065.png', '软件下载 / Geek卸载', 'https://geekuninstaller.com/geek.zip', NOW(), NOW()),
(66, 6, '美亚销售榜', '/static/img/sites/site-0066.png', '选品参考 / 美亚销售榜', 'https://www.amazon.com/gp/bestsellers', NOW(), NOW()),
(67, 6, '美亚新品榜', '/static/img/sites/site-0067.png', '选品参考 / 美亚新品榜', 'https://www.amazon.com/gp/new-releases', NOW(), NOW()),
(68, 6, '美亚飙升榜', '/static/img/sites/site-0068.png', '选品参考 / 美亚飙升榜', 'https://www.amazon.com/gp/movers-and-shakers', NOW(), NOW()),
(69, 6, '谷歌趋势', '/static/img/sites/site-0069.png', '选品参考 / 谷歌趋势', 'https://trends.google.com', NOW(), NOW()),
(70, 6, '众筹榜', '/static/img/sites/site-0070.png', '选品参考 / 众筹榜', 'https://www.kickstarter.com', NOW(), NOW()),
(71, 6, '众筹榜', '/static/img/sites/site-0071.png', '选品参考 / 众筹榜', 'https://www.indiegogo.com', NOW(), NOW()),
(72, 7, '国外测速', '/static/img/sites/site-0072.png', 'IP节点 / 国外测速', 'https://www.speedtest.net', NOW(), NOW()),
(73, 7, '国内测速', '/static/img/sites/site-0073.png', 'IP节点 / 国内测速', 'https://www.speedtest.cn', NOW(), NOW()),
(74, 7, 'FAST测速', '/static/img/sites/site-0074.png', 'IP节点 / FAST测速', 'https://fast.com', NOW(), NOW()),
(75, 7, 'Yalala', '/static/img/sites/site-0075.png', 'IP节点 / Yalala', 'https://www.yalala.com', NOW(), NOW()),
(76, 7, 'Whoer', '/static/img/sites/site-0076.png', 'IP节点 / Whoer', 'https://whoer.net/zh', NOW(), NOW()),
(77, 7, 'IP查询', '/static/img/sites/site-0077.png', 'IP节点 / IP查询', 'https://ipinfo.io', NOW(), NOW()),
(78, 7, '指纹检测', '/static/img/sites/site-0078.png', 'IP节点 / 指纹检测', 'https://iphey.com', NOW(), NOW()),
(79, 7, 'VPN检测', '/static/img/sites/site-0079.png', 'IP节点 / VPN检测', 'https://www.ip2proxy.com', NOW(), NOW()),
(80, 8, 'DeepSeek', '/static/img/sites/site-0080.png', 'AI创作 / DeepSeek', 'https://www.deepseek.com', NOW(), NOW()),
(81, 8, 'ChatGPT', '/static/img/sites/site-0081.png', 'AI创作 / ChatGPT', 'https://chatgpt.com', NOW(), NOW()),
(82, 8, 'Gemini', '/static/img/sites/site-0082.png', 'AI创作 / Gemini', 'https://gemini.google.com', NOW(), NOW()),
(83, 8, 'Kimi', '/static/img/sites/site-0083.png', 'AI创作 / Kimi', 'https://kimi.moonshot.cn', NOW(), NOW()),
(84, 8, '豆包', '/static/img/sites/site-0084.png', 'AI创作 / 豆包', 'https://www.doubao.com', NOW(), NOW()),
(85, 8, '通义千问', '/static/img/sites/site-0085.png', 'AI创作 / 通义千问', 'https://tongyi.aliyun.com', NOW(), NOW()),
(86, 8, '文心一言', '/static/img/sites/site-0086.png', 'AI创作 / 文心一言', 'https://yiyan.baidu.com', NOW(), NOW()),
(87, 8, '智谱清言', '/static/img/sites/site-0087.png', 'AI创作 / 智谱清言', 'https://chatglm.cn', NOW(), NOW()),
(88, 9, '无损压缩', '/static/img/sites/site-0088.png', '图片修改 / 无损压缩', 'https://tinypng.com', NOW(), NOW()),
(89, 9, '动图压缩', '/static/img/sites/site-0089.png', '图片修改 / 动图压缩', 'https://ezgif.com/resize', NOW(), NOW()),
(90, 9, '指定压缩', '/static/img/sites/site-0090.png', '图片修改 / 指定压缩', 'https://yasuo.xunjiepdf.com/img', NOW(), NOW()),
(91, 9, '备用压缩', '/static/img/sites/site-0091.png', '图片修改 / 备用压缩', 'https://imagecompressor.com/zh', NOW(), NOW()),
(92, 9, '智能放大', '/static/img/sites/site-0092.png', '图片修改 / 智能放大', 'https://bigjpg.com', NOW(), NOW()),
(93, 9, '矢量放大', '/static/img/sites/site-0093.png', '图片修改 / 矢量放大', 'https://imglarger.com', NOW(), NOW()),
(94, 9, '智能抠图', '/static/img/sites/site-0094.png', '图片修改 / 智能抠图', 'https://www.remove.bg/zh', NOW(), NOW()),
(95, 9, '水印添加', '/static/img/sites/site-0095.png', '图片修改 / 水印添加', 'http://www.zuohaotu.com/image-add-watermark.aspx', NOW(), NOW()),
(96, 10, '指纹浏览器', '/static/img/sites/site-0096.png', '综合软件 / 指纹浏览器', 'https://www.hubstudio.com', NOW(), NOW()),
(97, 10, 'DAMI达秘', '/static/img/sites/site-0097.png', '综合软件 / DAMI达秘', 'https://www.tikclubs.com', NOW(), NOW()),
(98, 10, '蜗牛海拍', '/static/img/sites/site-0098.png', '综合软件 / 蜗牛海拍', 'https://woniu.video', NOW(), NOW()),
(99, 10, 'WotoHub', '/static/img/sites/site-0099.png', '综合软件 / WotoHub', 'https://www.wotohub.com', NOW(), NOW()),
(100, 10, 'FastMoss', '/static/img/sites/site-0100.png', '综合软件 / FastMoss', 'https://www.fastmoss.com', NOW(), NOW()),
(101, 10, 'AI商品图', '/static/img/sites/site-0101.png', '综合软件 / AI商品图', 'https://www.designkit.com', NOW(), NOW()),
(102, 10, 'EchoTik', '/static/img/sites/site-0102.png', '综合软件 / EchoTik', 'https://echotik.live', NOW(), NOW()),
(103, 10, 'Qtoss', '/static/img/sites/site-0103.png', '综合软件 / Qtoss', 'https://qtoss.info', NOW(), NOW()),
(104, 10, 'Gloda', '/static/img/sites/site-0104.png', '综合软件 / Gloda', 'https://www.gloda.vip', NOW(), NOW()),
(105, 10, '评大师', '/static/img/sites/site-0105.png', '综合软件 / 评大师', 'https://www.pingdashi.com', NOW(), NOW()),
(106, 10, '出海匠', '/static/img/sites/site-0106.png', '综合软件 / 出海匠', 'https://www.chuhaijiang.com', NOW(), NOW()),
(107, 10, 'Vikoc', '/static/img/sites/site-0107.png', '综合软件 / Vikoc', 'https://vikoc.cn', NOW(), NOW()),
(108, 10, 'TikStar', '/static/img/sites/site-0108.png', '综合软件 / TikStar', 'https://www.tikstar.com', NOW(), NOW()),
(109, 10, 'AdWins', '/static/img/sites/site-0109.png', '综合软件 / AdWins', 'https://www.adwins.net/zh', NOW(), NOW()),
(110, 10, 'PiPiAds', '/static/img/sites/site-0110.png', '综合软件 / PiPiAds', 'https://www.pipiads.com/zh', NOW(), NOW()),
(111, 11, 'TK下载', '/static/img/sites/site-0111.png', '视频剪辑 / TK下载', 'https://musicaldown.com/en', NOW(), NOW()),
(112, 11, 'PR', '/static/img/sites/site-0112.png', '视频剪辑 / PR', 'https://www.onlinedown.net/soft/1223337.htm', NOW(), NOW()),
(113, 11, '剪映', '/static/img/sites/site-0113.png', '视频剪辑 / 剪映', 'https://www.capcut.cn', NOW(), NOW()),
(114, 11, '爱剪辑', '/static/img/sites/site-0114.png', '视频剪辑 / 爱剪辑', 'https://www.ijianji.com', NOW(), NOW()),
(115, 11, '万兴喵影', '/static/img/sites/site-0115.png', '视频剪辑 / 万兴喵影', 'https://miao.wondershare.cn', NOW(), NOW()),
(116, 11, '鬼手剪辑', '/static/img/sites/site-0116.png', '视频剪辑 / 鬼手剪辑', 'https://cn.jollytoday.com', NOW(), NOW()),
(117, 11, '讯飞配音', '/static/img/sites/site-0117.png', '视频剪辑 / 讯飞配音', 'https://peiyin.xunfei.cn', NOW(), NOW()),
(118, 11, '闪电配音', '/static/img/sites/site-0118.png', '视频剪辑 / 闪电配音', 'https://www.soundems.com', NOW(), NOW()),
(119, 12, '1688', '/static/img/sites/site-0119.png', '货源网站 / 1688', 'https://www.1688.com', NOW(), NOW()),
(120, 12, 'Drop', '/static/img/sites/site-0120.png', '货源网站 / Drop', 'https://dropship.mydepot.com', NOW(), NOW()),
(121, 12, '阿里国际', '/static/img/sites/site-0121.png', '货源网站 / 阿里国际', 'https://www.alibaba.com', NOW(), NOW()),
(122, 12, '中制网', '/static/img/sites/site-0122.png', '货源网站 / 中制网', 'https://cn.made-in-china.com', NOW(), NOW()),
(123, 12, '义乌购', '/static/img/sites/site-0123.png', '货源网站 / 义乌购', 'http://www.yiwugou.com', NOW(), NOW()),
(124, 12, '网商园', '/static/img/sites/site-0124.png', '货源网站 / 网商园', 'https://www.wsy.com', NOW(), NOW()),
(125, 12, '赛盈', '/static/img/sites/site-0125.png', '货源网站 / 赛盈', 'https://www.saleyee.cn', NOW(), NOW()),
(126, 12, '美适分销', '/static/img/sites/site-0126.png', '货源网站 / 美适分销', 'https://www.mixsss.com', NOW(), NOW()),
(127, 12, '慧聪网', '/static/img/sites/site-0127.png', '货源网站 / 慧聪网', 'https://www.hc360.com', NOW(), NOW()),
(128, 12, '青创网', '/static/img/sites/site-0128.png', '货源网站 / 青创网', 'https://www.17qcc.com', NOW(), NOW()),
(129, 12, 'CJdrop', '/static/img/sites/site-0129.png', '货源网站 / CJdrop', 'https://www.cjdropshipping.com', NOW(), NOW()),
(130, 12, 'DOBA', '/static/img/sites/site-0130.png', '货源网站 / DOBA', 'https://www.doba.com', NOW(), NOW()),
(131, 12, 'Oberlo', '/static/img/sites/site-0131.png', '货源网站 / Oberlo', 'https://www.oberlo.com', NOW(), NOW()),
(132, 12, '托尼斯', '/static/img/sites/site-0132.png', '货源网站 / 托尼斯', 'https://www.toonies.cn', NOW(), NOW()),
(133, 12, '搜款网', '/static/img/sites/site-0133.png', '货源网站 / 搜款网', 'https://www.vvic.com', NOW(), NOW()),
(134, 12, '17货源', '/static/img/sites/site-0134.png', '货源网站 / 17货源', 'https://www.17zwd.com', NOW(), NOW()),
(135, 13, '鸿链', '/static/img/sites/site-0135.png', '跨境物流 / 鸿链', 'https://honlylink.com', NOW(), NOW()),
(136, 13, '麦佳', '/static/img/sites/site-0136.png', '跨境物流 / 麦佳', 'https://www.crossbetter.com', NOW(), NOW()),
(137, 13, '格物', '/static/img/sites/site-0137.png', '跨境物流 / 格物', 'https://www.gowinexpress.com', NOW(), NOW()),
(138, 13, '斗仓', '/static/img/sites/site-0138.png', '跨境物流 / 斗仓', 'https://www.doucang.com.cn', NOW(), NOW()),
(139, 13, '万邑联', '/static/img/sites/site-0139.png', '跨境物流 / 万邑联', 'https://seller.winit.com.cn', NOW(), NOW()),
(140, 13, '至速仓', '/static/img/sites/site-0140.png', '跨境物流 / 至速仓', 'https://zhisucang.com', NOW(), NOW()),
(141, 13, '喜运达', '/static/img/sites/site-0141.png', '跨境物流 / 喜运达', 'https://www.goluckyvip.com', NOW(), NOW()),
(142, 13, '雅仓', '/static/img/sites/site-0142.png', '跨境物流 / 雅仓', 'https://seaya.cn', NOW(), NOW()),
(143, 13, '浣熊', '/static/img/sites/site-0143.png', '跨境物流 / 浣熊', 'http://www.welogistics.cn', NOW(), NOW()),
(144, 13, '大迈', '/static/img/sites/site-0144.png', '跨境物流 / 大迈', 'http://dmyc1688.com', NOW(), NOW()),
(145, 13, '义达', '/static/img/sites/site-0145.png', '跨境物流 / 义达', 'https://www.ydhex.com', NOW(), NOW()),
(146, 13, '海云汇', '/static/img/sites/site-0146.png', '跨境物流 / 海云汇', 'http://www.hyhisc.com', NOW(), NOW()),
(147, 14, 'Activate', '/static/img/sites/site-0147.png', '短信接码 / Activate', 'https://sms-activate.world/?ref=2959807', NOW(), NOW()),
(148, 14, 'PVA', '/static/img/sites/site-0148.png', '短信接码 / PVA', 'https://smspva.com/?ref=1025212', NOW(), NOW()),
(149, 14, '5sim', '/static/img/sites/site-0149.png', '短信接码 / 5sim', 'https://5sim.net/zh', NOW(), NOW()),
(150, 14, 'MAN', '/static/img/sites/site-0150.png', '短信接码 / MAN', 'https://sms-man.com/cn?ref=6SqNNaHWqTql', NOW(), NOW()),
(151, 14, 'Cheap', '/static/img/sites/site-0151.png', '短信接码 / Cheap', 'https://cheap-sms.com', NOW(), NOW()),
(152, 14, 'Pool', '/static/img/sites/site-0152.png', '短信接码 / Pool', 'https://smspool.net/?r=pCgKj3HMYM', NOW(), NOW()),
(153, 14, 'Tiger', '/static/img/sites/site-0153.png', '短信接码 / Tiger', 'https://tiger-sms.com/?ref=509208', NOW(), NOW()),
(154, 14, 'Online', '/static/img/sites/site-0154.png', '短信接码 / Online', 'https://onlinesim.io/?bref=7576940', NOW(), NOW()),
(155, 15, '空中云汇', '/static/img/sites/site-0155.png', '收款方式 / 空中云汇', 'https://www.airwallex.com.cn', NOW(), NOW()),
(156, 15, '万里汇', '/static/img/sites/site-0156.png', '收款方式 / 万里汇', 'https://www.worldfirst.com.cn', NOW(), NOW()),
(157, 15, '派安盈', '/static/img/sites/site-0157.png', '收款方式 / 派安盈', 'https://www.payoneer.com/zh-hans', NOW(), NOW()),
(158, 15, '安通', '/static/img/sites/site-0158.png', '收款方式 / 安通', 'https://www.antom.com/cn', NOW(), NOW()),
(159, 15, '连连', '/static/img/sites/site-0159.png', '收款方式 / 连连', 'https://global.lianlianpay.com', NOW(), NOW()),
(160, 15, '湃沃', '/static/img/sites/site-0160.png', '收款方式 / 湃沃', 'https://pyvio.com', NOW(), NOW()),
(161, 15, '开时', '/static/img/sites/site-0161.png', '收款方式 / 开时', 'https://www.ksher.cn', NOW(), NOW()),
(162, 15, '寻汇', '/static/img/sites/site-0162.png', '收款方式 / 寻汇', 'https://cn.sunrate.com', NOW(), NOW()),
(163, 16, '妙手', '/static/img/sites/site-0163.png', 'ERP分销 / 妙手', 'https://erp.91miaoshou.com', NOW(), NOW()),
(164, 16, '领星', '/static/img/sites/site-0164.png', 'ERP分销 / 领星', 'https://erp.lingxing.com', NOW(), NOW()),
(165, 16, '店小秘', '/static/img/sites/site-0165.png', 'ERP分销 / 店小秘', 'https://www.dianxiaomi.com', NOW(), NOW()),
(166, 16, '芒果店长', '/static/img/sites/site-0166.png', 'ERP分销 / 芒果店长', 'https://www.mangoerp.com', NOW(), NOW()),
(167, 16, 'BigSeller', '/static/img/sites/site-0167.png', 'ERP分销 / BigSeller', 'https://www.bigseller.com', NOW(), NOW()),
(168, 16, 'UShop', '/static/img/sites/site-0168.png', 'ERP分销 / UShop', 'https://www.ushopbi.com', NOW(), NOW()),
(169, 16, '优客云', '/static/img/sites/site-0169.png', 'ERP分销 / 优客云', 'https://www.keyouyun.com', NOW(), NOW()),
(170, 16, '斑马', '/static/img/sites/site-0170.png', 'ERP分销 / 斑马', 'https://www.banmaerp.com', NOW(), NOW()),
(171, 16, '海卖通', '/static/img/sites/site-0171.png', 'ERP分销 / 海卖通', 'https://b2csupply.com', NOW(), NOW()),
(172, 16, '旺销王', '/static/img/sites/site-0172.png', 'ERP分销 / 旺销王', 'https://www.wxwerp.com', NOW(), NOW()),
(173, 17, 'QQ', '/static/img/sites/site-0173.png', '全球邮箱 / QQ', 'https://mail.qq.com', NOW(), NOW()),
(174, 17, 'Gmail', '/static/img/sites/site-0174.png', '全球邮箱 / Gmail', 'https://mail.google.com', NOW(), NOW()),
(175, 17, 'Outlook', '/static/img/sites/site-0175.png', '全球邮箱 / Outlook', 'https://outlook.com', NOW(), NOW()),
(176, 17, 'Yahoo', '/static/img/sites/site-0176.png', '全球邮箱 / Yahoo', 'https://mail.yahoo.com', NOW(), NOW()),
(177, 17, 'Apple', '/static/img/sites/site-0177.png', '全球邮箱 / Apple', 'https://www.icloud.com/mail', NOW(), NOW()),
(178, 17, 'Yandex', '/static/img/sites/site-0178.png', '全球邮箱 / Yandex', 'https://360.yandex.com/mail', NOW(), NOW()),
(179, 17, 'FastMail', '/static/img/sites/site-0179.png', '全球邮箱 / FastMail', 'https://www.fastmail.com', NOW(), NOW()),
(180, 17, 'GMX', '/static/img/sites/site-0180.png', '全球邮箱 / GMX', 'https://www.gmx.com/mail', NOW(), NOW()),
(181, 18, '中国商标局', '/static/img/sites/site-0181.png', '商标专利 / 中国商标局', 'https://sbj.cnipa.gov.cn/sbj/index.html', NOW(), NOW()),
(182, 18, '美国商标局', '/static/img/sites/site-0182.png', '商标专利 / 美国商标局', 'http://tmsearch.uspto.gov', NOW(), NOW()),
(183, 18, '美国专利局', '/static/img/sites/site-0183.png', '商标专利 / 美国专利局', 'https://ppubs.uspto.gov/pubwebapp/static/pages/landing.html', NOW(), NOW()),
(184, 18, '美国版权局', '/static/img/sites/site-0184.png', '商标专利 / 美国版权局', 'https://www.copyright.gov', NOW(), NOW()),
(185, 18, '欧洲商标局', '/static/img/sites/site-0185.png', '商标专利 / 欧洲商标局', 'https://www.euipo.europa.eu/en', NOW(), NOW()),
(186, 18, '欧洲专利局', '/static/img/sites/site-0186.png', '商标专利 / 欧洲专利局', 'https://www.epo.org/en/searching-for-patents', NOW(), NOW()),
(187, 18, '英国商标局', '/static/img/sites/site-0187.png', '商标专利 / 英国商标局', 'https://www.gov.uk/government/organisations/intellectual-property-office', NOW(), NOW()),
(188, 18, '英国专利局', '/static/img/sites/site-0188.png', '商标专利 / 英国专利局', 'https://www.gov.uk/search-for-patent', NOW(), NOW()),
(189, 18, '日本商标局', '/static/img/sites/site-0189.png', '商标专利 / 日本商标局', 'http://www.jpo.go.jp', NOW(), NOW()),
(190, 18, '日本专利局', '/static/img/sites/site-0190.png', '商标专利 / 日本专利局', 'https://www.j-platpat.inpit.go.jp', NOW(), NOW()),
(191, 18, 'WIPO商标查询', '/static/img/sites/site-0191.png', '商标专利 / WIPO商标查询', 'https://branddb.wipo.int/zh', NOW(), NOW()),
(192, 18, 'WIPO专利查询', '/static/img/sites/site-0192.png', '商标专利 / WIPO专利查询', 'https://designdb.wipo.int/designdb/en/index.jsp', NOW(), NOW()),
(193, 18, '中国专利检索', '/static/img/sites/site-0193.png', '商标专利 / 中国专利检索', 'https://pss-system.cponline.cnipa.gov.cn/conventionalSearch', NOW(), NOW()),
(194, 18, '谷歌专利检索', '/static/img/sites/site-0194.png', '商标专利 / 谷歌专利检索', 'https://www.google.com/?tbm=pts&gws_rd=ssl', NOW(), NOW()),
(195, 18, 'Espacenet专利检索', '/static/img/sites/site-0195.png', '商标专利 / Espacenet专利检索', 'https://worldwide.espacenet.com', NOW(), NOW()),
(196, 18, 'TradeMarkia', '/static/img/sites/site-0196.png', '商标专利 / TradeMarkia', 'http://www.trademarkia.com/TradeMarkia', NOW(), NOW()),
(197, 18, '世界知识产权组织', '/static/img/sites/site-0197.png', '商标专利 / 世界知识产权组织', 'https://www.wipo.int/portal/zh', NOW(), NOW()),
(198, 19, 'TikTok', '/static/img/sites/site-0198.png', '社交媒体 / TikTok', 'https://www.tiktok.com', NOW(), NOW()),
(199, 19, 'Youtube', '/static/img/sites/site-0199.png', '社交媒体 / Youtube', 'https://www.youtube.com', NOW(), NOW()),
(200, 19, 'X', '/static/img/sites/site-0200.png', '社交媒体 / X', 'https://x.com', NOW(), NOW()),
(201, 19, 'Telegram', '/static/img/sites/site-0201.png', '社交媒体 / Telegram', 'https://web.telegram.org', NOW(), NOW()),
(202, 19, 'FaceBook', '/static/img/sites/site-0202.png', '社交媒体 / FaceBook', 'https://www.facebook.com', NOW(), NOW()),
(203, 19, 'Instagram', '/static/img/sites/site-0203.png', '社交媒体 / Instagram', 'https://www.instagram.com', NOW(), NOW()),
(204, 19, 'SnapChat', '/static/img/sites/site-0204.png', '社交媒体 / SnapChat', 'https://www.snapchat.com', NOW(), NOW()),
(205, 19, 'VK', '/static/img/sites/site-0205.png', '社交媒体 / VK', 'https://vk.com', NOW(), NOW()),
(206, 19, 'MySpace', '/static/img/sites/site-0206.png', '社交媒体 / MySpace', 'https://myspace.com', NOW(), NOW()),
(207, 19, 'Tumblr', '/static/img/sites/site-0207.png', '社交媒体 / Tumblr', 'https://www.tumblr.com', NOW(), NOW()),
(208, 19, 'Discord', '/static/img/sites/site-0208.png', '社交媒体 / Discord', 'https://discord.com', NOW(), NOW()),
(209, 19, 'WhatsApp', '/static/img/sites/site-0209.png', '社交媒体 / WhatsApp', 'https://web.whatsapp.com', NOW(), NOW()),
(210, 19, 'Line', '/static/img/sites/site-0210.png', '社交媒体 / Line', 'https://www.line.me/tw', NOW(), NOW()),
(211, 19, 'KaKao', '/static/img/sites/site-0211.png', '社交媒体 / KaKao', 'https://www.kakaocorp.com', NOW(), NOW()),
(212, 20, '美国', '/static/img/sites/site-0212.png', 'Amazon / 美国', 'https://www.amazon.com', NOW(), NOW()),
(213, 20, '英国', '/static/img/sites/site-0213.png', 'Amazon / 英国', 'https://www.amazon.co.uk', NOW(), NOW()),
(214, 20, '德国', '/static/img/sites/site-0214.png', 'Amazon / 德国', 'https://www.amazon.de', NOW(), NOW()),
(215, 20, '法国', '/static/img/sites/site-0215.png', 'Amazon / 法国', 'https://www.amazon.fr', NOW(), NOW()),
(216, 20, '意大利', '/static/img/sites/site-0216.png', 'Amazon / 意大利', 'https://www.amazon.it', NOW(), NOW()),
(217, 20, '西班牙', '/static/img/sites/site-0217.png', 'Amazon / 西班牙', 'https://www.amazon.es', NOW(), NOW()),
(218, 21, '菲律宾', '/static/img/sites/site-0218.png', 'Shopee / 菲律宾', 'https://shopee.ph', NOW(), NOW()),
(219, 21, '马来西亚', '/static/img/sites/site-0219.png', 'Shopee / 马来西亚', 'https://shopee.com.my', NOW(), NOW()),
(220, 21, '泰国', '/static/img/sites/site-0220.png', 'Shopee / 泰国', 'https://shopee.co.th', NOW(), NOW()),
(221, 21, '印度尼西亚', '/static/img/sites/site-0221.png', 'Shopee / 印度尼西亚', 'https://shopee.co.id', NOW(), NOW()),
(222, 21, '越南', '/static/img/sites/site-0222.png', 'Shopee / 越南', 'https://shopee.vn', NOW(), NOW()),
(223, 21, '台湾', '/static/img/sites/site-0223.png', 'Shopee / 台湾', 'https://xiapi.xiapibuy.com', NOW(), NOW()),
(224, 21, '新加坡', '/static/img/sites/site-0224.png', 'Shopee / 新加坡', 'https://shopee.sg', NOW(), NOW()),
(225, 21, '中国卖家中心', '/static/img/sites/site-0225.png', 'Shopee / 中国卖家中心', 'https://seller.shopee.cn/account/signin', NOW(), NOW()),
(226, 22, '菲律宾', '/static/img/sites/site-0226.png', 'Lazada / 菲律宾', 'https://www.lazada.com.ph', NOW(), NOW()),
(227, 22, '马来西亚', '/static/img/sites/site-0227.png', 'Lazada / 马来西亚', 'https://www.lazada.com.my', NOW(), NOW()),
(228, 22, '泰国', '/static/img/sites/site-0228.png', 'Lazada / 泰国', 'https://www.lazada.co.th', NOW(), NOW()),
(229, 22, '印度尼西亚', '/static/img/sites/site-0229.png', 'Lazada / 印度尼西亚', 'https://www.lazada.co.id', NOW(), NOW()),
(230, 22, '越南', '/static/img/sites/site-0230.png', 'Lazada / 越南', 'https://www.lazada.vn', NOW(), NOW()),
(231, 22, '新加坡', '/static/img/sites/site-0231.png', 'Lazada / 新加坡', 'https://www.lazada.sg', NOW(), NOW()),
(232, 22, '中国卖家中心', '/static/img/sites/site-0232.png', 'Lazada / 中国卖家中心', 'https://gsp.lazada-seller.cn/page/login', NOW(), NOW()),
(233, 23, '网盘', 'data:image/svg+xml;base64,PHN2ZyB4bWxucz0iaHR0cDovL3d3dy53My5vcmcvMjAwMC9zdmciIHZlcnNpb249IjEuMSIgd2lkdGg9IjEwMCIgaGVpZ2h0PSIxMDAiPg0KICAgICAgICAgICAgICAgIDxyZWN0IGZpbGw9InJnYigxMzcsMjI5LDE4NSkiIHg9IjAiIHk9IjAiIHdpZHRoPSIxMDAiIGhlaWdodD0iMTAwIj48L3JlY3Q+DQogICAgICAgICAgICAgICAgPGNpcmNsZSBmaWxsPSJyZ2IoMTQxLDIyOSwxMTQpIiBjeD0iMTMiIGN5PSI2LjUiIHI9IjYwIiAgb3BhY2l0eT0iLjQiPjwvY2lyY2xlPg0KICAgICAgICAgICAgICAgIDxjaXJjbGUgZmlsbD0icmdiKDExNCwxOTgsMjI5KSIgY3g9IjMxIiBjeT0iNjIiIHI9IjUwIiAgb3BhY2l0eT0iLjYiPjwvY2lyY2xlPg0KICAgICAgICAgICAgICAgIDx0ZXh0IHg9IjUwIiB5PSI1MCIgZm9udC1zaXplPSI1MCIgdGV4dC1jb3B5PSJmYXN0IiBmaWxsPSIjZmZmZmZmIiB0ZXh0LWFuY2hvcj0ibWlkZGxlIiB0ZXh0LXJpZ2h0cz0iYWRtaW4iIGFsaWdubWVudC1iYXNlbGluZT0iY2VudHJhbCIgZm9udC1mYW1pbHk9IidQaW5nRmFuZyBTQycsJ01pY3Jvc29mdCBZYWhlaSciPue9kTwvdGV4dD48L3N2Zz4=', '站长独享 / 网盘', 'https://pan.anyun.online', NOW(), NOW()),
(234, 23, '笔记', 'data:image/svg+xml;base64,PHN2ZyB4bWxucz0iaHR0cDovL3d3dy53My5vcmcvMjAwMC9zdmciIHZlcnNpb249IjEuMSIgd2lkdGg9IjEwMCIgaGVpZ2h0PSIxMDAiPg0KICAgICAgICAgICAgICAgIDxyZWN0IGZpbGw9InJnYigyMjksMTcyLDEzNykiIHg9IjAiIHk9IjAiIHdpZHRoPSIxMDAiIGhlaWdodD0iMTAwIj48L3JlY3Q+DQogICAgICAgICAgICAgICAgPGNpcmNsZSBmaWxsPSJyZ2IoMCwwLDApIiBjeD0iMTgiIGN5PSI5IiByPSI2MCIgIG9wYWNpdHk9Ii40Ij48L2NpcmNsZT4NCiAgICAgICAgICAgICAgICA8Y2lyY2xlIGZpbGw9InJnYigyMTQsMjI5LDExNCkiIGN4PSI2MyIgY3k9IjEyNiIgcj0iNTAiICBvcGFjaXR5PSIuNiI+PC9jaXJjbGU+DQogICAgICAgICAgICAgICAgPHRleHQgeD0iNTAiIHk9IjUwIiBmb250LXNpemU9IjUwIiB0ZXh0LWNvcHk9ImZhc3QiIGZpbGw9IiNmZmZmZmYiIHRleHQtYW5jaG9yPSJtaWRkbGUiIHRleHQtcmlnaHRzPSJhZG1pbiIgYWxpZ25tZW50LWJhc2VsaW5lPSJjZW50cmFsIiBmb250LWZhbWlseT0iJ1BpbmdGYW5nIFNDJywnTWljcm9zb2Z0IFlhaGVpJyI+56yUPC90ZXh0Pjwvc3ZnPg==', '站长独享 / 笔记', 'https://note.anyun.online', NOW(), NOW());

INSERT INTO `sys_notice` (`id`, `title`, `type`, `content`, `createtime`, `creater`) VALUES
(1, '“猫主子”掏空铲屎官的钱包？跨境卖家8月必追五大节日热潮！', 10, '每日资讯 | 2025年7月15日 | https://anyun.online/3269.html', '2025-07-15 00:00:00', 1),
(2, 'TikTok年中大促，卖家跑GMV Max爆单了！', 10, '每日资讯 | 2025年7月15日 | https://anyun.online/3255.html', '2025-07-15 00:00:00', 1),
(3, '美国直播购物平台Whatnot崛起，未来会取代TikTok Shop吗？', 10, '每日资讯 | 2025年7月5日 | https://anyun.online/3244.html', '2025-07-05 00:00:00', 1),
(4, '新规，跨境平台须向中国税局报卖家收入', 10, '每日资讯 | 2025年7月5日 | https://anyun.online/3237.html', '2025-07-05 00:00:00', 1),
(5, '6月TikTok电商数据：美区GMV持续下滑、马来猛增；烹饪机、汽车遮阳伞销量上涨', 10, '每日资讯 | 2025年7月4日 | https://anyun.online/3225.html', '2025-07-04 00:00:00', 1),
(6, '德国一款卷发梳7天卖出上千单、GMV超$64,000！Kalodata欧盟站点上线，TikTok四国热销榜Top10出炉', 10, '每日资讯 | 2025年7月4日 | https://anyun.online/3217.html', '2025-07-04 00:00:00', 1),
(7, '这些在小红薯热推的跨境商品，在海外真的卖得好？', 10, '每日资讯 | 2025年7月4日 | https://anyun.online/3204.html', '2025-07-04 00:00:00', 1),
(8, '单月销量超56w+，美妆生意在TikTok墨西哥爆了', 10, '每日资讯 | 2025年7月4日 | https://anyun.online/3194.html', '2025-07-04 00:00:00', 1),
(9, '一批武汉卖家，冲上BestSeller排行榜', 10, '每日资讯 | 2025年7月2日 | https://anyun.online/3186.html', '2025-07-02 00:00:00', 1),
(10, 'TikTok开启新促销活动，试水生鲜食品类电商', 10, '每日资讯 | 2025年7月2日 | https://anyun.online/3172.html', '2025-07-02 00:00:00', 1);

COMMIT;
SET FOREIGN_KEY_CHECKS = 1;

-- Summary: 23 categories, 234 sites, 10 notices.